chbtil, q, a
5, 0.26065829247901817, 0.6096682594084046
10, 0.8499194551745077, 0.3565751245035804
15, 1.6001114752283367, 0.20588741378393982
20, 2.4677964568648267, 0.11620072878865184
25, 3.4910931958173244, 0.06169982821068787